{
    "name": "Global Information",
    "numberOfRequests": {
        "total": 108782,
        "ok": 56005,
        "ko": 52777
    },
    "minResponseTime": {
        "total": 0,
        "ok": 0,
        "ko": 2003
    },
    "maxResponseTime": {
        "total": 60063,
        "ok": 60007,
        "ko": 60063
    },
    "meanResponseTime": {
        "total": 9451,
        "ok": 12444,
        "ko": 6276
    },
    "standardDeviation": {
        "total": 15383,
        "ok": 16560,
        "ko": 13309
    },
    "percentiles1": {
        "total": 2279,
        "ok": 2423,
        "ko": 2278
    },
    "percentiles2": {
        "total": 11925,
        "ok": 21498,
        "ko": 2370
    },
    "percentiles3": {
        "total": 50274,
        "ok": 50267,
        "ko": 54824
    },
    "percentiles4": {
        "total": 60008,
        "ok": 57902,
        "ko": 60012
    },
    "group1": {
    "name": "t < 800 ms",
    "count": 27448,
    "percentage": 25
},
    "group2": {
    "name": "800 ms < t < 1200 ms",
    "count": 188,
    "percentage": 0
},
    "group3": {
    "name": "t > 1200 ms",
    "count": 28369,
    "percentage": 26
},
    "group4": {
    "name": "failed",
    "count": 52777,
    "percentage": 49
},
    "meanNumberOfRequestsPerSecond": {
        "total": 333.6871165644172,
        "ok": 171.79447852760737,
        "ko": 161.8926380368098
    }
}