{
    "name": "Global Information",
    "numberOfRequests": {
        "total": 37430,
        "ok": 37165,
        "ko": 265
    },
    "minResponseTime": {
        "total": 0,
        "ok": 0,
        "ko": 2023
    },
    "maxResponseTime": {
        "total": 60101,
        "ok": 60054,
        "ko": 60101
    },
    "meanResponseTime": {
        "total": 21398,
        "ok": 21179,
        "ko": 52111
    },
    "standardDeviation": {
        "total": 18280,
        "ok": 18096,
        "ko": 18049
    },
    "percentiles1": {
        "total": 18594,
        "ok": 18406,
        "ko": 60003
    },
    "percentiles2": {
        "total": 35469,
        "ok": 34717,
        "ko": 60009
    },
    "percentiles3": {
        "total": 52293,
        "ok": 51836,
        "ko": 60049
    },
    "percentiles4": {
        "total": 59219,
        "ok": 58216,
        "ko": 60087
    },
    "group1": {
    "name": "t < 800 ms",
    "count": 8304,
    "percentage": 22
},
    "group2": {
    "name": "800 ms < t < 1200 ms",
    "count": 114,
    "percentage": 0
},
    "group3": {
    "name": "t > 1200 ms",
    "count": 28747,
    "percentage": 77
},
    "group4": {
    "name": "failed",
    "count": 265,
    "percentage": 1
},
    "meanNumberOfRequestsPerSecond": {
        "total": 80.66810344827586,
        "ok": 80.09698275862068,
        "ko": 0.5711206896551724
    }
}