{
    "name": "Global Information",
    "numberOfRequests": {
        "total": 73068,
        "ok": 49993,
        "ko": 23075
    },
    "minResponseTime": {
        "total": 0,
        "ok": 0,
        "ko": 2005
    },
    "maxResponseTime": {
        "total": 60284,
        "ok": 59945,
        "ko": 60284
    },
    "meanResponseTime": {
        "total": 18940,
        "ok": 26204,
        "ko": 3202
    },
    "standardDeviation": {
        "total": 16195,
        "ok": 13907,
        "ko": 7041
    },
    "percentiles1": {
        "total": 20590,
        "ok": 29124,
        "ko": 2327
    },
    "percentiles2": {
        "total": 32869,
        "ok": 34574,
        "ko": 2402
    },
    "percentiles3": {
        "total": 46053,
        "ok": 47497,
        "ko": 2538
    },
    "percentiles4": {
        "total": 53133,
        "ok": 51513,
        "ko": 60004
    },
    "group1": {
    "name": "t < 800 ms",
    "count": 2253,
    "percentage": 3
},
    "group2": {
    "name": "800 ms < t < 1200 ms",
    "count": 541,
    "percentage": 1
},
    "group3": {
    "name": "t > 1200 ms",
    "count": 47199,
    "percentage": 65
},
    "group4": {
    "name": "failed",
    "count": 23075,
    "percentage": 32
},
    "meanNumberOfRequestsPerSecond": {
        "total": 230.49842271293375,
        "ok": 157.70662460567823,
        "ko": 72.79179810725552
    }
}