{
    "name": "Global Information",
    "numberOfRequests": {
        "total": 63363,
        "ok": 55843,
        "ko": 7520
    },
    "minResponseTime": {
        "total": 0,
        "ok": 0,
        "ko": 0
    },
    "maxResponseTime": {
        "total": 60155,
        "ok": 60013,
        "ko": 60155
    },
    "meanResponseTime": {
        "total": 20836,
        "ok": 17989,
        "ko": 41981
    },
    "standardDeviation": {
        "total": 20664,
        "ok": 18050,
        "ko": 25903
    },
    "percentiles1": {
        "total": 18077,
        "ok": 16189,
        "ko": 60003
    },
    "percentiles2": {
        "total": 36928,
        "ok": 32952,
        "ko": 60010
    },
    "percentiles3": {
        "total": 60005,
        "ok": 48067,
        "ko": 60015
    },
    "percentiles4": {
        "total": 60014,
        "ok": 57245,
        "ko": 60049
    },
    "group1": {
    "name": "t < 800 ms",
    "count": 22248,
    "percentage": 35
},
    "group2": {
    "name": "800 ms < t < 1200 ms",
    "count": 99,
    "percentage": 0
},
    "group3": {
    "name": "t > 1200 ms",
    "count": 33496,
    "percentage": 53
},
    "group4": {
    "name": "failed",
    "count": 7520,
    "percentage": 12
},
    "meanNumberOfRequestsPerSecond": {
        "total": 123.51461988304094,
        "ok": 108.85575048732943,
        "ko": 14.6588693957115
    }
}