{
    "name": "Global Information",
    "numberOfRequests": {
        "total": 67824,
        "ok": 53767,
        "ko": 14057
    },
    "minResponseTime": {
        "total": 0,
        "ok": 0,
        "ko": 2018
    },
    "maxResponseTime": {
        "total": 60439,
        "ok": 60041,
        "ko": 60439
    },
    "meanResponseTime": {
        "total": 23298,
        "ok": 21814,
        "ko": 28973
    },
    "standardDeviation": {
        "total": 21849,
        "ok": 19970,
        "ko": 27153
    },
    "percentiles1": {
        "total": 20278,
        "ok": 20179,
        "ko": 31560
    },
    "percentiles2": {
        "total": 42776,
        "ok": 39409,
        "ko": 60005
    },
    "percentiles3": {
        "total": 60005,
        "ok": 56744,
        "ko": 60014
    },
    "percentiles4": {
        "total": 60015,
        "ok": 59586,
        "ko": 60055
    },
    "group1": {
    "name": "t < 800 ms",
    "count": 16419,
    "percentage": 24
},
    "group2": {
    "name": "800 ms < t < 1200 ms",
    "count": 122,
    "percentage": 0
},
    "group3": {
    "name": "t > 1200 ms",
    "count": 37226,
    "percentage": 55
},
    "group4": {
    "name": "failed",
    "count": 14057,
    "percentage": 21
},
    "meanNumberOfRequestsPerSecond": {
        "total": 139.26899383983573,
        "ok": 110.40451745379877,
        "ko": 28.864476386036962
    }
}