{
    "name": "Global Information",
    "numberOfRequests": {
        "total": 105898,
        "ok": 57492,
        "ko": 48406
    },
    "minResponseTime": {
        "total": 0,
        "ok": 0,
        "ko": 0
    },
    "maxResponseTime": {
        "total": 60540,
        "ok": 60004,
        "ko": 60540
    },
    "meanResponseTime": {
        "total": 13869,
        "ok": 15334,
        "ko": 12129
    },
    "standardDeviation": {
        "total": 20997,
        "ok": 20434,
        "ko": 21517
    },
    "percentiles1": {
        "total": 2255,
        "ok": 9,
        "ko": 2284
    },
    "percentiles2": {
        "total": 25846,
        "ok": 27964,
        "ko": 2428
    },
    "percentiles3": {
        "total": 60004,
        "ok": 57600,
        "ko": 60010
    },
    "percentiles4": {
        "total": 60014,
        "ok": 59423,
        "ko": 60017
    },
    "group1": {
    "name": "t < 800 ms",
    "count": 31698,
    "percentage": 30
},
    "group2": {
    "name": "800 ms < t < 1200 ms",
    "count": 66,
    "percentage": 0
},
    "group3": {
    "name": "t > 1200 ms",
    "count": 25728,
    "percentage": 24
},
    "group4": {
    "name": "failed",
    "count": 48406,
    "percentage": 46
},
    "meanNumberOfRequestsPerSecond": {
        "total": 231.72428884026257,
        "ok": 125.80306345733041,
        "ko": 105.92122538293216
    }
}