{
    "name": "Global Information",
    "numberOfRequests": {
        "total": 135469,
        "ok": 38642,
        "ko": 96827
    },
    "minResponseTime": {
        "total": 0,
        "ok": 0,
        "ko": 0
    },
    "maxResponseTime": {
        "total": 60233,
        "ok": 60073,
        "ko": 60233
    },
    "meanResponseTime": {
        "total": 9854,
        "ok": 23708,
        "ko": 4326
    },
    "standardDeviation": {
        "total": 14333,
        "ok": 13292,
        "ko": 10477
    },
    "percentiles1": {
        "total": 2320,
        "ok": 21388,
        "ko": 2276
    },
    "percentiles2": {
        "total": 14334,
        "ok": 31005,
        "ko": 2346
    },
    "percentiles3": {
        "total": 45939,
        "ok": 51154,
        "ko": 2530
    },
    "percentiles4": {
        "total": 60007,
        "ok": 57946,
        "ko": 60012
    },
    "group1": {
    "name": "t < 800 ms",
    "count": 1167,
    "percentage": 1
},
    "group2": {
    "name": "800 ms < t < 1200 ms",
    "count": 178,
    "percentage": 0
},
    "group3": {
    "name": "t > 1200 ms",
    "count": 37297,
    "percentage": 28
},
    "group4": {
    "name": "failed",
    "count": 96827,
    "percentage": 71
},
    "meanNumberOfRequestsPerSecond": {
        "total": 544.0522088353414,
        "ok": 155.18875502008032,
        "ko": 388.86345381526104
    }
}