{
    "name": "Global Information",
    "numberOfRequests": {
        "total": 101460,
        "ok": 86659,
        "ko": 14801
    },
    "minResponseTime": {
        "total": 0,
        "ok": 0,
        "ko": 2
    },
    "maxResponseTime": {
        "total": 60039,
        "ok": 59956,
        "ko": 60039
    },
    "meanResponseTime": {
        "total": 7803,
        "ok": 3199,
        "ko": 34764
    },
    "standardDeviation": {
        "total": 16999,
        "ok": 7160,
        "ko": 28805
    },
    "percentiles1": {
        "total": 1001,
        "ok": 138,
        "ko": 60001
    },
    "percentiles2": {
        "total": 4935,
        "ok": 3585,
        "ko": 60010
    },
    "percentiles3": {
        "total": 60007,
        "ok": 14667,
        "ko": 60018
    },
    "percentiles4": {
        "total": 60017,
        "ok": 41675,
        "ko": 60020
    },
    "group1": {
    "name": "t < 800 ms",
    "count": 48979,
    "percentage": 48
},
    "group2": {
    "name": "800 ms < t < 1200 ms",
    "count": 2140,
    "percentage": 2
},
    "group3": {
    "name": "t > 1200 ms",
    "count": 35540,
    "percentage": 35
},
    "group4": {
    "name": "failed",
    "count": 14801,
    "percentage": 15
},
    "meanNumberOfRequestsPerSecond": {
        "total": 219.13606911447084,
        "ok": 187.1684665226782,
        "ko": 31.967602591792655
    }
}