{
    "name": "Global Information",
    "numberOfRequests": {
        "total": 88750,
        "ok": 49652,
        "ko": 39098
    },
    "minResponseTime": {
        "total": 0,
        "ok": 0,
        "ko": 1
    },
    "maxResponseTime": {
        "total": 60124,
        "ok": 60102,
        "ko": 60124
    },
    "meanResponseTime": {
        "total": 12115,
        "ok": 11355,
        "ko": 13080
    },
    "standardDeviation": {
        "total": 17966,
        "ok": 15760,
        "ko": 20386
    },
    "percentiles1": {
        "total": 2328,
        "ok": 1570,
        "ko": 2331
    },
    "percentiles2": {
        "total": 18238,
        "ok": 18662,
        "ko": 17928
    },
    "percentiles3": {
        "total": 60002,
        "ok": 48032,
        "ko": 60010
    },
    "percentiles4": {
        "total": 60013,
        "ok": 57841,
        "ko": 60015
    },
    "group1": {
    "name": "t < 800 ms",
    "count": 24603,
    "percentage": 28
},
    "group2": {
    "name": "800 ms < t < 1200 ms",
    "count": 75,
    "percentage": 0
},
    "group3": {
    "name": "t > 1200 ms",
    "count": 24974,
    "percentage": 28
},
    "group4": {
    "name": "failed",
    "count": 39098,
    "percentage": 44
},
    "meanNumberOfRequestsPerSecond": {
        "total": 253.57142857142858,
        "ok": 141.86285714285714,
        "ko": 111.70857142857143
    }
}