{
    "name": "Global Information",
    "numberOfRequests": {
        "total": 59841,
        "ok": 43152,
        "ko": 16689
    },
    "minResponseTime": {
        "total": 0,
        "ok": 0,
        "ko": 0
    },
    "maxResponseTime": {
        "total": 60284,
        "ok": 60284,
        "ko": 60246
    },
    "meanResponseTime": {
        "total": 14213,
        "ok": 18354,
        "ko": 3507
    },
    "standardDeviation": {
        "total": 14668,
        "ok": 14858,
        "ko": 6455
    },
    "percentiles1": {
        "total": 6797,
        "ok": 18988,
        "ko": 2328
    },
    "percentiles2": {
        "total": 24081,
        "ok": 29209,
        "ko": 2413
    },
    "percentiles3": {
        "total": 42254,
        "ok": 43325,
        "ko": 2648
    },
    "percentiles4": {
        "total": 47404,
        "ok": 47584,
        "ko": 22005
    },
    "group1": {
    "name": "t < 800 ms",
    "count": 7854,
    "percentage": 13
},
    "group2": {
    "name": "800 ms < t < 1200 ms",
    "count": 861,
    "percentage": 1
},
    "group3": {
    "name": "t > 1200 ms",
    "count": 34437,
    "percentage": 58
},
    "group4": {
    "name": "failed",
    "count": 16689,
    "percentage": 28
},
    "meanNumberOfRequestsPerSecond": {
        "total": 240.32530120481928,
        "ok": 173.3012048192771,
        "ko": 67.02409638554217
    }
}