{
    "name": "Global Information",
    "numberOfRequests": {
        "total": 185023,
        "ok": 40625,
        "ko": 144398
    },
    "minResponseTime": {
        "total": 0,
        "ok": 0,
        "ko": 56
    },
    "maxResponseTime": {
        "total": 60445,
        "ok": 60024,
        "ko": 60445
    },
    "meanResponseTime": {
        "total": 9413,
        "ok": 20560,
        "ko": 6277
    },
    "standardDeviation": {
        "total": 16505,
        "ok": 18431,
        "ko": 14447
    },
    "percentiles1": {
        "total": 2429,
        "ok": 11128,
        "ko": 2394
    },
    "percentiles2": {
        "total": 2697,
        "ok": 36740,
        "ko": 2490
    },
    "percentiles3": {
        "total": 60001,
        "ok": 54305,
        "ko": 60002
    },
    "percentiles4": {
        "total": 60024,
        "ok": 57757,
        "ko": 60033
    },
    "group1": {
    "name": "t < 800 ms",
    "count": 5478,
    "percentage": 3
},
    "group2": {
    "name": "800 ms < t < 1200 ms",
    "count": 110,
    "percentage": 0
},
    "group3": {
    "name": "t > 1200 ms",
    "count": 35037,
    "percentage": 19
},
    "group4": {
    "name": "failed",
    "count": 144398,
    "percentage": 78
},
    "meanNumberOfRequestsPerSecond": {
        "total": 600.724025974026,
        "ok": 131.89935064935065,
        "ko": 468.8246753246753
    }
}